animal_ID,larvae_pixel_size,container_pixel_size,larvae_length_mm,dead,treatment_odor,experiment_date,acclimate_start,experiment_start,sex,starve_date,starve_time,species,light_start,light_hours
190626-01-top,37,573,5.2,no,100ul_milliQ_water,190626,12:34:00 PM,12:51:00 PM,f,190625,9:09:00 AM,Aedes aegypti,9,12
190626-01-bottom,41,554,5.9,no,100ul_milliQ_water,190626,12:34:00 PM,12:51:00 PM,f,190625,9:09:00 AM,Aedes aegypti,9,12
190626-02-top,37,569,5.2,no,100ul_milliQ_water,190626,1:15:00 PM,1:31:00 PM,m,190625,9:09:00 AM,Aedes aegypti,9,12
190626-02-bottom,37,562,5.3,no,100ul_milliQ_water,190626,1:15:00 PM,1:31:00 PM,m,190625,9:09:00 AM,Aedes aegypti,9,12
190626-03-top,38,566,5.4,missing,100ul_milliQ_water,190626,1:52:00 PM,2:08:00 PM,missing,190625,9:09:00 AM,Aedes aegypti,9,12
190626-03-bottom,42,560,6.0,no,100ul_milliQ_water,190626,1:52:00 PM,2:08:00 PM,f,190625,9:09:00 AM,Aedes aegypti,9,12
190626-04-top,45,565,6.4,no,100ul_milliQ_water,190626,2:29:00 PM,2:45:00 PM,f,190625,9:09:00 AM,Aedes aegypti,9,12
190626-04-bottom,32,561,4.6,missing,100ul_milliQ_water,190626,2:29:00 PM,2:45:00 PM,missing,190625,9:09:00 AM,Aedes aegypti,9,12
190626-05-top,42,571,5.9,missing,100ul_milliQ_water,190626,3:06:00 PM,3:22:00 PM,missing,190625,9:09:00 AM,Aedes aegypti,9,12
190626-05-bottom,42,558,6.0,no,100ul_milliQ_water,190626,3:06:00 PM,3:22:00 PM,f,190625,9:09:00 AM,Aedes aegypti,9,12
190626-06-top,38,569,5.3,no,100ul_milliQ_water,190626,3:44:00 PM,4:01:00 PM,m,190625,9:09:00 AM,Aedes aegypti,9,12
190626-06-bottom,42,561,6.0,no,100ul_milliQ_water,190626,3:44:00 PM,4:01:00 PM,f,190625,9:09:00 AM,Aedes aegypti,9,12
190627-01-top,38,560,5.4,no,100ul_milliQ_water,190627,9:49:00 AM,10:05:00 AM,m,190626,9:28:00 AM,Aedes aegypti,9,12
190627-01-bottom,35,555,5.0,no,100ul_milliQ_water,190627,9:49:00 AM,10:05:00 AM,f,190626,9:28:00 AM,Aedes aegypti,9,12
190627-02-top,39,568,5.5,no,100ul_milliQ_water,190627,10:29:00 AM,10:45:00 AM,m,190626,9:28:00 AM,Aedes aegypti,9,12
190627-02-bottom,37,560,5.3,no,100ul_milliQ_water,190627,10:29:00 AM,10:45:00 AM,f,190626,9:28:00 AM,Aedes aegypti,9,12
190627-03-top,35,566,4.9,no,100ul_milliQ_water,190627,11:06:00 AM,11:23:00 AM,m,190626,9:28:00 AM,Aedes aegypti,9,12
190627-03-bottom,39,553,5.6,no,100ul_milliQ_water,190627,11:06:00 AM,11:23:00 AM,m,190626,9:28:00 AM,Aedes aegypti,9,12
190628-01-top,31,560,4.4,no,100ul_milliQ_water,190628,9:33:00 AM,9:50:00 AM,m,190627,9:32:00 AM,Aedes albopictus,9,12
190628-01-bottom,36,556,5.2,missing,100ul_milliQ_water,190628,9:33:00 AM,9:50:00 AM,missing,190627,9:32:00 AM,Aedes albopictus,9,12
190628-02-top,37,567,5.2,no,100ul_milliQ_water,190628,10:10:00 AM,10:27:00 AM,m,190627,9:32:00 AM,Aedes albopictus,9,12
190628-02-bottom,39,558,5.6,no,100ul_milliQ_water,190628,10:10:00 AM,10:27:00 AM,m,190627,9:32:00 AM,Aedes albopictus,9,12
190628-03-top,34,568,4.8,no,100ul_milliQ_water,190628,10:48:00 AM,11:04:00 AM,m,190627,9:32:00 AM,Aedes albopictus,9,12
190628-03-bottom,33,561,4.7,no,100ul_milliQ_water,190628,10:48:00 AM,11:04:00 AM,m,190627,9:32:00 AM,Aedes albopictus,9,12
190628-04-top,34,559,4.9,no,100ul_milliQ_water,190628,1:34:00 PM,1:51:00 PM,m,190627,9:32:00 AM,Aedes albopictus,9,12
190628-04-bottom,35,555,5.0,no,100ul_milliQ_water,190628,1:34:00 PM,1:51:00 PM,m,190627,9:32:00 AM,Aedes albopictus,9,12
190701-01-top,36,556,5.2,no,100ul_milliQ_water,190701,9:31:00 AM,9:48:00 AM,f,190630,9:04:00 AM,Aedes albopictus,9,12
190701-01-bottom,36,562,5.1,no,100ul_milliQ_water,190701,9:31:00 AM,9:48:00 AM,m,190630,9:04:00 AM,Aedes albopictus,9,12
190701-02-top,39,565,5.5,no,100ul_milliQ_water,190701,10:12:00 AM,10:28:00 AM,f,190630,9:04:00 AM,Aedes albopictus,9,12
190701-02-bottom,34,565,4.8,no,100ul_milliQ_water,190701,10:12:00 AM,10:28:00 AM,f,190630,9:04:00 AM,Aedes albopictus,9,12
190701-03-top,35,568,4.9,no,100ul_milliQ_water,190701,10:47:00 AM,11:03:00 AM,f,190630,9:04:00 AM,Aedes albopictus,9,12
190701-03-bottom,33,558,4.7,no,100ul_milliQ_water,190701,10:47:00 AM,11:03:00 AM,f,190630,9:04:00 AM,Aedes albopictus,9,12
190701-04-top,39,566,5.5,no,100ul_milliQ_water,190701,11:24:00 AM,11:40:00 AM,f,190630,9:04:00 AM,Aedes albopictus,9,12
190701-04-bottom,33,562,4.7,no,100ul_milliQ_water,190701,11:24:00 AM,11:40:00 AM,m,190630,9:04:00 AM,Aedes albopictus,9,12
190701-05-top,32,568,4.5,no,100ul_milliQ_water,190701,1:30:00 PM,1:47:00 PM,f,190630,9:04:00 AM,Aedes albopictus,9,12
190701-06-top,30,568,4.2,no,100ul_milliQ_water,190701,2:08:00 PM,2:24:00 PM,m,190630,9:04:00 AM,Aedes albopictus,9,12
190701-06-bottom,37,559,5.3,no,100ul_milliQ_water,190701,2:08:00 PM,2:24:00 PM,m,190630,9:04:00 AM,Aedes albopictus,9,12
190701-07-top,36,567,5.1,no,100ul_milliQ_water,190701,2:46:00 PM,3:02:00 PM,m,190630,9:04:00 AM,Aedes albopictus,9,12
190701-07-bottom,40,556,5.8,no,100ul_milliQ_water,190701,2:46:00 PM,3:02:00 PM,m,190630,9:04:00 AM,Aedes albopictus,9,12
190701-08-top,30,564,4.3,no,100ul_milliQ_water,190701,3:21:00 PM,3:37:00 PM,m,190630,9:04:00 AM,Aedes albopictus,9,12
190701-08-bottom,34,557,4.9,no,100ul_milliQ_water,190701,3:21:00 PM,3:37:00 PM,m,190630,9:04:00 AM,Aedes albopictus,9,12
190702-01-top,32,566,4.5,no,100ul_quinine,190702,10:30:00 AM,10:46:00 AM,f,190701,9:14:00 AM,Aedes albopictus,9,12
190702-01-bottom,37,556,5.3,no,100ul_quinine,190702,10:30:00 AM,10:46:00 AM,m,190701,9:14:00 AM,Aedes albopictus,9,12
190702-02-top,35,566,4.9,no,100ul_quinine,190702,11:05:00 AM,11:22:00 AM,m,190701,9:14:00 AM,Aedes albopictus,9,12
190702-02-bottom,37,557,5.3,no,100ul_quinine,190702,11:05:00 AM,11:22:00 AM,m,190701,9:14:00 AM,Aedes albopictus,9,12
190702-03-top,37,567,5.2,no,100ul_quinine,190702,11:46:00 AM,12:02:00 PM,m,190701,9:14:00 AM,Aedes albopictus,9,12
190702-03-bottom,32,557,4.6,no,100ul_quinine,190702,11:46:00 AM,12:02:00 PM,m,190701,9:14:00 AM,Aedes albopictus,9,12
190702-04-bottom,36,557,5.2,no,100ul_quinine,190702,1:35:00 PM,1:52:00 PM,f,190701,9:14:00 AM,Aedes albopictus,9,12
190702-05-top,30,562,4.3,no,100ul_quinine,190702,2:12:00 PM,2:27:00 PM,f,190701,9:14:00 AM,Aedes albopictus,9,12
190702-05-bottom,36,558,5.2,no,100ul_quinine,190702,2:12:00 PM,2:27:00 PM,f,190701,9:14:00 AM,Aedes albopictus,9,12
190702-07-top,33,567,4.7,no,100ul_quinine,190702,3:24:00 PM,3:41:00 PM,m,190701,9:14:00 AM,Aedes albopictus,9,12
190702-07-bottom,34,557,4.9,no,100ul_quinine,190702,3:24:00 PM,3:41:00 PM,m,190701,9:14:00 AM,Aedes albopictus,9,12
190702-08-top,32,574,4.5,no,100ul_quinine,190702,4:01:00 PM,4:17:00 PM,f,190701,9:14:00 AM,Aedes albopictus,9,12
190702-08-bottom,38,560,5.4,no,100ul_quinine,190702,4:01:00 PM,4:17:00 PM,f,190701,9:14:00 AM,Aedes albopictus,9,12
190703-01-bottom,36,555,5.2,no,100ul_quinine,190703,12:28:00 PM,12:47:00 PM,m,190702,10:18:00 AM,Aedes albopictus,9,12
190703-02-top,33,568,4.6,no,100ul_quinine,190703,1:08:00 PM,1:25:00 PM,f,190702,10:18:00 AM,Aedes albopictus,9,12
190703-02-bottom,28,563,4.0,no,100ul_quinine,190703,1:08:00 PM,1:25:00 PM,m,190702,10:18:00 AM,Aedes albopictus,9,12
190703-03-top,30,562,4.3,no,100ul_quinine,190703,1:54:00 PM,2:10:00 PM,m,190702,10:18:00 AM,Aedes albopictus,9,12
190703-03-bottom,30,555,4.3,no,100ul_quinine,190703,1:54:00 PM,2:10:00 PM,f,190702,10:18:00 AM,Aedes albopictus,9,12
190708-01-top,39,563,5.5,no,100ul_quinine,190708,9:33:00 AM,9:50:00 AM,f,190707,9:12:00 AM,Aedes albopictus,9,12
190708-01-bottom,31,554,4.5,no,100ul_quinine,190708,9:33:00 AM,9:50:00 AM,f,190707,9:12:00 AM,Aedes albopictus,9,12
190708-02-top,36,562,5.1,no,100ul_quinine,190708,10:12:00 AM,10:28:00 AM,m,190707,9:12:00 AM,Aedes albopictus,9,12
190708-02-bottom,37,555,5.3,no,100ul_quinine,190708,10:12:00 AM,10:28:00 AM,m,190707,9:12:00 AM,Aedes albopictus,9,12
190708-03-top,35,564,5.0,no,05_percent_food,190708,10:49:00 AM,11:07:00 AM,f,190707,9:12:00 AM,Aedes albopictus,9,12
190708-03-bottom,34,556,4.9,no,05_percent_food,190708,10:49:00 AM,11:07:00 AM,m,190707,9:12:00 AM,Aedes albopictus,9,12
190708-04-top,41,561,5.8,no,05_percent_food,190708,1:24:00 PM,1:40:00 PM,f,190707,9:12:00 AM,Aedes albopictus,9,12
190708-04-bottom,36,546,5.3,no,05_percent_food,190708,1:24:00 PM,1:40:00 PM,m,190707,9:12:00 AM,Aedes albopictus,9,12
190708-05-top,41,562,5.8,no,05_percent_food,190708,2:01:00 PM,2:16:00 PM,m,190707,9:12:00 AM,Aedes albopictus,9,12
190708-06-top,44,558,6.3,no,05_percent_food,190708,2:35:00 PM,2:51:00 PM,f,190707,9:12:00 AM,Aedes albopictus,9,12
190708-06-bottom,31,553,4.5,no,05_percent_food,190708,2:35:00 PM,2:51:00 PM,f,190707,9:12:00 AM,Aedes albopictus,9,12
190708-07-top,38,563,5.4,no,05_percent_food,190708,3:11:00 PM,3:27:00 PM,m,190707,9:12:00 AM,Aedes albopictus,9,12
190708-07-bottom,32,550,4.7,no,05_percent_food,190708,3:11:00 PM,3:27:00 PM,m,190707,9:12:00 AM,Aedes albopictus,9,12
190708-08-top,36,563,5.1,no,05_percent_food,190708,3:48:00 PM,4:04:00 PM,m,190707,9:12:00 AM,Aedes albopictus,9,12
190708-08-bottom,38,554,5.5,no,05_percent_food,190708,3:48:00 PM,4:04:00 PM,f,190707,9:12:00 AM,Aedes albopictus,9,12
190708-09-top,40,566,5.7,no,05_percent_food,190708,4:24:00 PM,4:40:00 PM,f,190707,9:12:00 AM,Aedes albopictus,9,12
190708-09-bottom,38,556,5.5,no,05_percent_food,190708,4:24:00 PM,4:40:00 PM,m,190707,9:12:00 AM,Aedes albopictus,9,12
190709-01-top,28,559,4.0,no,05_percent_food,190709,9:22:00 AM,9:38:00 AM,m,190708,8:56:00 AM,Aedes albopictus,9,12
190709-01-bottom,36,545,5.3,no,05_percent_food,190709,9:22:00 AM,9:38:00 AM,f,190708,8:56:00 AM,Aedes albopictus,9,12
190709-02-top,35,563,5.0,no,05_percent_food,190709,10:01:00 AM,10:18:00 AM,m,190708,8:56:00 AM,Aedes albopictus,9,12
190709-02-bottom,36,548,5.3,no,05_percent_food,190709,10:01:00 AM,10:18:00 AM,f,190708,8:56:00 AM,Aedes albopictus,9,12
190709-03-top,31,562,4.4,no,05_percent_food,190709,10:37:00 AM,10:53:00 AM,f,190708,8:56:00 AM,Aedes albopictus,9,12
190709-03-bottom,40,550,5.8,no,05_percent_food,190709,10:37:00 AM,10:53:00 AM,f,190708,8:56:00 AM,Aedes albopictus,9,12
190709-04-top,30,562,4.3,no,05_percent_food,190709,11:13:00 AM,11:30:00 AM,f,190708,8:56:00 AM,Aedes albopictus,9,12
190709-04-bottom,40,554,5.8,no,05_percent_food,190709,11:13:00 AM,11:30:00 AM,m,190708,8:56:00 AM,Aedes albopictus,9,12
190709-05-top,40,560,5.7,no,100ul_quinine,190709,1:31:00 PM,1:46:00 PM,f,190708,8:56:00 AM,Aedes albopictus,9,12
190709-05-bottom,34,547,5.0,no,100ul_quinine,190709,1:31:00 PM,1:46:00 PM,m,190708,8:56:00 AM,Aedes albopictus,9,12
190709-06-top,34,556,4.9,no,100ul_quinine,190709,2:12:00 PM,2:28:00 PM,f,190708,8:56:00 AM,Aedes albopictus,9,12
190709-06-bottom,35,543,5.2,no,100ul_quinine,190709,2:12:00 PM,2:28:00 PM,m,190708,8:56:00 AM,Aedes albopictus,9,12
190709-07-top,39,555,5.6,no,05_percent_food,190709,2:47:00 PM,3:04:00 PM,m,190708,8:56:00 AM,Aedes albopictus,9,12
190710-01-top,41,551,6.0,no,100ul_milliQ_water,190710,1:01:00 PM,1:17:00 PM,m,190709,8:48:00 AM,Aedes aegypti,9,12
190710-01-bottom,36,548,5.3,no,100ul_milliQ_water,190710,1:01:00 PM,1:17:00 PM,f,190709,8:48:00 AM,Aedes aegypti,9,12
190710-02-top,37,555,5.3,no,100ul_milliQ_water,190710,1:42:00 PM,1:58:00 PM,f,190709,8:48:00 AM,Aedes aegypti,9,12
190710-02-bottom,37,552,5.4,no,100ul_milliQ_water,190710,1:42:00 PM,1:58:00 PM,f,190709,8:48:00 AM,Aedes aegypti,9,12
190710-03-top,35,558,5.0,no,100ul_milliQ_water,190710,2:21:00 PM,2:37:00 PM,m,190709,8:48:00 AM,Aedes aegypti,9,12
190710-03-bottom,36,556,5.2,no,100ul_milliQ_water,190710,2:21:00 PM,2:37:00 PM,m,190709,8:48:00 AM,Aedes aegypti,9,12
190711-01-top,34,554,4.9,no,100ul_quinine,190711,9:38:00 AM,9:54:00 AM,m,190710,9:22:00 AM,Aedes aegypti,9,12
190711-01-bottom,35,554,5.1,no,100ul_quinine,190711,9:38:00 AM,9:54:00 AM,m,190710,9:22:00 AM,Aedes aegypti,9,12
190711-02-top,33,569,4.6,no,100ul_quinine,190711,10:16:00 AM,10:32:00 AM,f,190710,9:22:00 AM,Aedes aegypti,9,12
190711-02-bottom,37,551,5.4,no,100ul_quinine,190711,10:16:00 AM,10:32:00 AM,f,190710,9:22:00 AM,Aedes aegypti,9,12
190711-03-top,33,555,4.8,no,100ul_quinine,190711,10:53:00 AM,11:10:00 AM,m,190710,9:22:00 AM,Aedes aegypti,9,12
190711-03-bottom,32,555,4.6,no,100ul_quinine,190711,10:53:00 AM,11:10:00 AM,f,190710,9:22:00 AM,Aedes aegypti,9,12
190711-04-top,37,571,5.2,no,100ul_quinine,190711,11:31:00 AM,11:47:00 AM,m,190710,9:22:00 AM,Aedes aegypti,9,12
190711-04-bottom,37,547,5.4,no,100ul_quinine,190711,11:31:00 AM,11:47:00 AM,m,190710,9:22:00 AM,Aedes aegypti,9,12
190711-05-top,36,568,5.1,no,100ul_quinine,190711,12:26:00 PM,12:43:00 PM,f,190710,9:22:00 AM,Aedes aegypti,9,12
190711-05-bottom,37,543,5.5,no,100ul_quinine,190711,12:26:00 PM,12:43:00 PM,f,190710,9:22:00 AM,Aedes aegypti,9,12
190711-06-top,31,572,4.3,no,100ul_quinine,190711,1:44:00 PM,2:00:00 PM,m,190710,9:22:00 AM,Aedes aegypti,9,12
190711-06-bottom,37,546,5.4,no,100ul_quinine,190711,1:44:00 PM,2:00:00 PM,f,190710,9:22:00 AM,Aedes aegypti,9,12
190711-07-top,35,569,4.9,no,100ul_quinine,190711,2:25:00 PM,2:42:00 PM,m,190710,9:22:00 AM,Aedes aegypti,9,12
190711-07-bottom,35,548,5.1,no,100ul_quinine,190711,2:25:00 PM,2:42:00 PM,m,190710,9:22:00 AM,Aedes aegypti,9,12
190712-01-top,36,562,5.1,no,100ul_milliQ_water,190712,9:29:00 AM,9:44:00 AM,m,190711,9:22:00 AM,Anopheles arabiensis,9,12
190712-01-bottom,30,546,4.4,no,100ul_milliQ_water,190712,9:29:00 AM,9:44:00 AM,m,190711,9:22:00 AM,Anopheles arabiensis,9,12
190712-02-top,33,566,4.7,no,100ul_milliQ_water,190712,10:05:00 AM,10:21:00 AM,m,190711,9:22:00 AM,Anopheles arabiensis,9,12
190712-02-bottom,34,548,5.0,no,100ul_milliQ_water,190712,10:05:00 AM,10:21:00 AM,m,190711,9:22:00 AM,Anopheles arabiensis,9,12
190712-03-top,26,553,3.8,no,100ul_milliQ_water,190712,10:40:00 AM,10:56:00 AM,m,190711,9:22:00 AM,Anopheles arabiensis,9,12
190712-03-bottom,25,556,3.6,no,100ul_milliQ_water,190712,10:40:00 AM,10:56:00 AM,f,190711,9:22:00 AM,Anopheles arabiensis,9,12
190712-04-top,32,556,4.6,no,100ul_milliQ_water,190712,11:17:00 AM,11:33:00 AM,m,190711,9:22:00 AM,Anopheles arabiensis,9,12
190712-04-bottom,31,559,4.4,no,100ul_milliQ_water,190712,11:17:00 AM,11:33:00 AM,m,190711,9:22:00 AM,Anopheles arabiensis,9,12
190712-05-bottom,31,558,4.4,no,100ul_milliQ_water,190712,11:57:00 AM,12:13:00 PM,m,190711,9:22:00 AM,Anopheles arabiensis,9,12
190712-06-top,31,554,4.5,no,100ul_milliQ_water,190712,2:25:00 PM,2:41:00 PM,f,190711,9:22:00 AM,Anopheles arabiensis,9,12
190712-06-bottom,29,555,4.2,no,100ul_milliQ_water,190712,2:25:00 PM,2:41:00 PM,f,190711,9:22:00 AM,Anopheles arabiensis,9,12
190712-08-bottom,35,555,5.0,no,100ul_milliQ_water,190712,3:35:00 PM,3:51:00 PM,m,190711,9:22:00 AM,Anopheles arabiensis,9,12
190715-01-top,28,548,4.1,no,100ul_milliQ_water,190715,10:09:00 AM,10:26:00 AM,f,190714,9:20:00 AM,Anopheles arabiensis,9,12
190715-01-bottom,27,557,3.9,no,100ul_milliQ_water,190715,10:09:00 AM,10:26:00 AM,m,190714,9:20:00 AM,Anopheles arabiensis,9,12
190715-02-top,33,556,4.7,no,100ul_milliQ_water,190715,10:45:00 AM,11:00:00 AM,f,190714,9:20:00 AM,Anopheles arabiensis,9,12
190715-02-bottom,32,555,4.6,no,100ul_milliQ_water,190715,10:45:00 AM,11:00:00 AM,f,190714,9:20:00 AM,Anopheles arabiensis,9,12
190715-03-top,35,553,5.1,no,100ul_milliQ_water,190715,11:21:00 AM,11:38:00 AM,m,190714,9:20:00 AM,Anopheles arabiensis,9,12
190715-04-top,30,558,4.3,no,100ul_milliQ_water,190715,11:59:00 AM,12:15:00 PM,m,190714,9:20:00 AM,Anopheles arabiensis,9,12
190715-04-bottom,35,556,5.0,no,100ul_milliQ_water,190715,11:59:00 AM,12:15:00 PM,m,190714,9:20:00 AM,Anopheles arabiensis,9,12
190715-05-top,35,553,5.1,no,100ul_quinine,190715,12:38:00 PM,12:55:00 PM,f,190714,9:20:00 AM,Anopheles arabiensis,9,12
190715-06-top,35,552,5.1,no,100ul_quinine,190715,1:48:00 PM,2:05:00 PM,f,190714,9:20:00 AM,Anopheles arabiensis,9,12
190715-06-bottom,36,552,5.2,no,100ul_quinine,190715,1:48:00 PM,2:05:00 PM,m,190714,9:20:00 AM,Anopheles arabiensis,9,12
190715-08-top,37,555,5.3,no,100ul_quinine,190715,3:06:00 PM,3:22:00 PM,m,190714,9:20:00 AM,Anopheles arabiensis,9,12
190715-09-top,34,558,4.9,no,100ul_quinine,190715,3:42:00 PM,3:58:00 PM,f,190714,9:20:00 AM,Anopheles arabiensis,9,12
190715-09-bottom,30,552,4.3,no,100ul_quinine,190715,3:42:00 PM,3:58:00 PM,f,190714,9:20:00 AM,Anopheles arabiensis,9,12
190715-10-top,33,560,4.7,no,100ul_quinine,190715,4:17:00 PM,4:33:00 PM,f,190714,9:20:00 AM,Anopheles arabiensis,9,12
190716-01-bottom,34,553,4.9,no,100ul_quinine,190716,9:31:00 AM,9:48:00 AM,m,190715,9:25:00 AM,Anopheles arabiensis,9,12
190716-02-top,31,559,4.4,no,100ul_quinine,190716,10:07:00 AM,10:23:00 AM,f,190715,9:25:00 AM,Anopheles arabiensis,9,12
190716-02-bottom,34,551,4.9,no,100ul_quinine,190716,10:07:00 AM,10:23:00 AM,f,190715,9:25:00 AM,Anopheles arabiensis,9,12
190716-03-top,34,547,5.0,no,100ul_quinine,190716,10:44:00 AM,11:00:00 AM,m,190715,9:25:00 AM,Anopheles arabiensis,9,12
190716-03-bottom,31,555,4.5,no,100ul_quinine,190716,10:44:00 AM,11:00:00 AM,m,190715,9:25:00 AM,Anopheles arabiensis,9,12
190716-04-top,31,558,4.4,no,100ul_quinine,190716,11:21:00 AM,11:37:00 AM,m,190715,9:25:00 AM,Anopheles arabiensis,9,12
190716-04-bottom,33,552,4.8,no,100ul_quinine,190716,11:21:00 AM,11:37:00 AM,f,190715,9:25:00 AM,Anopheles arabiensis,9,12
190716-05-top,32,555,4.6,no,100ul_quinine,190716,12:54:00 PM,1:10:00 PM,f,190715,9:25:00 AM,Anopheles arabiensis,9,12
190716-05-bottom,36,555,5.2,no,100ul_quinine,190716,12:54:00 PM,1:10:00 PM,f,190715,9:25:00 AM,Anopheles arabiensis,9,12
190716-06-top,28,561,4.0,no,100ul_quinine,190716,1:31:00 PM,1:47:00 PM,f,190715,9:25:00 AM,Anopheles arabiensis,9,12
190716-06-bottom,26,553,3.8,no,100ul_quinine,190716,1:31:00 PM,1:47:00 PM,f,190715,9:25:00 AM,Anopheles arabiensis,9,12
190717-01-top,27,550,3.9,no,05_percent_food,190717,12:41:00 PM,12:58:00 PM,f,190716,9:17:00 AM,Anopheles arabiensis,9,12
190717-02-top,37,551,5.4,no,05_percent_food,190717,1:18:00 PM,1:34:00 PM,f,190716,9:17:00 AM,Anopheles arabiensis,9,12
190717-02-bottom,33,549,4.8,no,05_percent_food,190717,1:18:00 PM,1:34:00 PM,m,190716,9:17:00 AM,Anopheles arabiensis,9,12
190717-04-top,33,550,4.8,no,05_percent_food,190717,2:38:00 PM,2:55:00 PM,f,190716,9:17:00 AM,Anopheles arabiensis,9,12
190717-04-bottom,33,551,4.8,no,05_percent_food,190717,2:38:00 PM,2:55:00 PM,m,190716,9:17:00 AM,Anopheles arabiensis,9,12
190717-05-top,34,557,4.9,no,05_percent_food,190717,3:19:00 PM,3:35:00 PM,f,190716,9:17:00 AM,Anopheles arabiensis,9,12
190718-01-bottom,27,553,3.9,no,05_percent_food,190718,9:29:00 AM,9:45:00 AM,m,190717,8:49:00 AM,Anopheles arabiensis,9,12
190718-02-top,35,554,5.1,no,05_percent_food,190718,10:07:00 AM,10:24:00 AM,f,190717,8:49:00 AM,Anopheles arabiensis,9,12
190718-02-bottom,35,552,5.1,no,05_percent_food,190718,10:07:00 AM,10:24:00 AM,f,190717,8:49:00 AM,Anopheles arabiensis,9,12
190718-03-top,33,551,4.8,no,05_percent_food,190718,10:45:00 AM,11:01:00 AM,m,190717,8:49:00 AM,Anopheles arabiensis,9,12
190718-04-bottom,33,544,4.9,no,05_percent_food,190718,11:24:00 AM,11:40:00 AM,f,190717,8:49:00 AM,Anopheles arabiensis,9,12
190718-05-top,30,564,4.3,no,05_percent_food,190718,1:20:00 PM,1:36:00 PM,f,190717,8:49:00 AM,Anopheles arabiensis,9,12
190718-05-bottom,36,548,5.3,no,05_percent_food,190718,1:20:00 PM,1:36:00 PM,f,190717,8:49:00 AM,Anopheles arabiensis,9,12
190718-06-bottom,32,549,4.7,no,05_percent_food,190718,1:59:00 PM,2:15:00 PM,m,190717,8:49:00 AM,Anopheles arabiensis,9,12
190718-08-top,38,560,5.4,no,100ul_milliQ_water,190718,3:26:00 PM,3:42:00 PM,m,190717,8:49:00 AM,Anopheles arabiensis,9,12
190722-01-top,32,557,4.6,no,05_percent_food,190722,10:53:00 AM,11:10:00 AM,f,190721,9:09:00 AM,Anopheles arabiensis,9,12
190722-02-top,36,555,5.2,no,05_percent_food,190722,11:30:00 AM,11:45:00 AM,f,190721,9:09:00 AM,Anopheles arabiensis,9,12
190722-03-top,37,564,5.2,no,05_percent_food,190722,12:15:00 PM,12:32:00 PM,f,190721,11:52:00 AM,Aedes aegypti,9,12
190722-03-bottom,32,545,4.7,no,05_percent_food,190722,12:15:00 PM,12:32:00 PM,m,190721,11:52:00 AM,Aedes aegypti,9,12
190722-04-top,36,555,5.2,no,05_percent_food,190722,2:15:00 PM,2:32:00 PM,m,190721,11:52:00 AM,Aedes aegypti,9,12
190722-04-bottom,43,553,6.2,no,05_percent_food,190722,2:15:00 PM,2:32:00 PM,m,190721,11:52:00 AM,Aedes aegypti,9,12
190722-05-top,34,555,4.9,no,05_percent_food,190722,2:58:00 PM,3:15:00 PM,m,190721,11:52:00 AM,Aedes aegypti,9,12
190722-05-bottom,36,552,5.2,no,05_percent_food,190722,2:58:00 PM,3:15:00 PM,f,190721,11:52:00 AM,Aedes aegypti,9,12
190722-06-top,39,560,5.6,no,05_percent_food,190722,3:39:00 PM,3:55:00 PM,f,190721,11:52:00 AM,Aedes aegypti,9,12
190722-06-bottom,34,538,5.1,no,05_percent_food,190722,3:39:00 PM,3:55:00 PM,m,190721,11:52:00 AM,Aedes aegypti,9,12
190722-07-top,34,565,4.8,no,05_percent_food,190722,4:15:00 PM,4:31:00 PM,m,190721,11:52:00 AM,Aedes aegypti,9,12
190722-07-bottom,38,535,5.7,no,05_percent_food,190722,4:15:00 PM,4:31:00 PM,m,190721,11:52:00 AM,Aedes aegypti,9,12
190722-08-top,35,563,5.0,no,05_percent_food,190722,4:52:00 PM,5:08:00 PM,m,190721,11:52:00 AM,Aedes aegypti,9,12
190722-08-bottom,40,545,5.9,no,05_percent_food,190722,4:52:00 PM,5:08:00 PM,m,190721,11:52:00 AM,Aedes aegypti,9,12
190723-01-top,34,561,4.8,no,100ul_quinine,190723,10:59:00 AM,11:16:00 AM,m,190722,10:56:00 AM,Aedes aegypti,9,12
190723-01-bottom,34,543,5.0,no,100ul_quinine,190723,10:59:00 AM,11:16:00 AM,m,190722,10:56:00 AM,Aedes aegypti,9,12
190723-02-top,36,560,5.1,no,100ul_quinine,190723,11:40:00 AM,11:56:00 AM,f,190722,10:56:00 AM,Aedes aegypti,9,12
190723-02-bottom,37,539,5.5,no,100ul_quinine,190723,11:40:00 AM,11:56:00 AM,f,190722,10:56:00 AM,Aedes aegypti,9,12
190723-03-top,46,557,6.6,no,100ul_quinine,190723,12:24:00 PM,12:40:00 PM,m,190722,10:56:00 AM,Aedes aegypti,9,12
190723-03-bottom,40,536,6.0,no,100ul_quinine,190723,12:24:00 PM,12:40:00 PM,f,190722,10:56:00 AM,Aedes aegypti,9,12
190723-04-bottom,36,538,5.4,no,100ul_quinine,190723,1:00:00 PM,1:16:00 PM,m,190722,10:56:00 AM,Aedes aegypti,9,12
190723-05-top,41,554,5.9,no,100ul_quinine,190723,1:35:00 PM,1:50:00 PM,f,190722,10:56:00 AM,Aedes aegypti,9,12
190723-05-bottom,37,540,5.5,no,100ul_quinine,190723,1:35:00 PM,1:50:00 PM,m,190722,10:56:00 AM,Aedes aegypti,9,12
190723-06-top,35,556,5.0,no,100ul_quinine,190723,2:13:00 PM,2:29:00 PM,m,190722,10:56:00 AM,Aedes aegypti,9,12
190723-06-bottom,45,537,6.7,no,100ul_quinine,190723,2:13:00 PM,2:29:00 PM,f,190722,10:56:00 AM,Aedes aegypti,9,12
190724-01-top,29,555,4.2,no,100ul_quinine,190724,12:36:00 PM,12:53:00 PM,f,190723,9:35:00 AM,Anopheles gambiae,9,12
190724-01-bottom,28,540,4.1,no,100ul_quinine,190724,12:36:00 PM,12:53:00 PM,m,190723,9:35:00 AM,Anopheles gambiae,9,12
190724-02-top,28,561,4.0,no,100ul_quinine,190724,1:12:00 PM,1:28:00 PM,m,190723,9:35:00 AM,Anopheles gambiae,9,12
190724-02-bottom,33,538,4.9,no,100ul_quinine,190724,1:12:00 PM,1:28:00 PM,m,190723,9:35:00 AM,Anopheles gambiae,9,12
190724-03-top,29,564,4.1,no,100ul_quinine,190724,1:49:00 PM,2:05:00 PM,m,190723,9:35:00 AM,Anopheles gambiae,9,12
190724-03-bottom,30,543,4.4,no,100ul_quinine,190724,1:49:00 PM,2:05:00 PM,m,190723,9:35:00 AM,Anopheles gambiae,9,12
190724-04-top,33,560,4.7,no,100ul_quinine,190724,2:44:00 PM,3:00:00 PM,f,190723,9:35:00 AM,Anopheles gambiae,9,12
190724-04-bottom,31,542,4.6,no,100ul_quinine,190724,2:44:00 PM,3:00:00 PM,f,190723,9:35:00 AM,Anopheles gambiae,9,12
190724-05-top,30,561,4.3,no,100ul_quinine,190724,3:19:00 PM,3:36:00 PM,f,190723,9:35:00 AM,Anopheles gambiae,9,12
190724-05-bottom,31,541,4.6,no,100ul_quinine,190724,3:19:00 PM,3:36:00 PM,f,190723,9:35:00 AM,Anopheles gambiae,9,12
190724-06-top,34,564,4.8,no,100ul_quinine,190724,3:57:00 PM,4:13:00 PM,m,190723,9:35:00 AM,Anopheles gambiae,9,12
190724-06-bottom,31,543,4.6,no,100ul_quinine,190724,3:57:00 PM,4:13:00 PM,m,190723,9:35:00 AM,Anopheles gambiae,9,12
190724-07-top,35,553,5.1,no,100ul_quinine,190724,4:35:00 PM,4:52:00 PM,m,190723,9:35:00 AM,Anopheles gambiae,9,12
190724-07-bottom,32,537,4.8,no,100ul_quinine,190724,4:35:00 PM,4:52:00 PM,f,190723,9:35:00 AM,Anopheles gambiae,9,12
190724-08-top,30,558,4.3,no,100ul_quinine,190724,5:11:00 PM,5:28:00 PM,m,190723,9:35:00 AM,Anopheles gambiae,9,12
190724-08-bottom,31,538,4.6,no,100ul_quinine,190724,5:11:00 PM,5:28:00 PM,m,190723,9:35:00 AM,Anopheles gambiae,9,12
190725-01-top,34,556,4.9,no,100ul_quinine,190725,9:31:00 AM,9:47:00 AM,f,190724,8:59:00 AM,Anopheles gambiae,9,12
190725-01-bottom,37,539,5.5,no,100ul_quinine,190725,9:31:00 AM,9:47:00 AM,f,190724,8:59:00 AM,Anopheles gambiae,9,12
190725-02-top,36,546,5.3,no,100ul_quinine,190725,10:09:00 AM,10:26:00 AM,m,190724,8:59:00 AM,Anopheles gambiae,9,12
190725-02-bottom,30,553,4.3,no,100ul_quinine,190725,10:09:00 AM,10:26:00 AM,m,190724,8:59:00 AM,Anopheles gambiae,9,12
190725-03-top,33,548,4.8,no,100ul_quinine,190725,10:49:00 AM,11:05:00 AM,m,190724,8:59:00 AM,Anopheles gambiae,9,12
190725-03-bottom,34,550,4.9,no,100ul_quinine,190725,10:49:00 AM,11:05:00 AM,f,190724,8:59:00 AM,Anopheles gambiae,9,12
190725-04-top,32,559,4.6,no,05_percent_food,190725,11:26:00 AM,11:42:00 AM,f,190724,8:59:00 AM,Anopheles gambiae,9,12
190725-04-bottom,31,547,4.5,no,05_percent_food,190725,11:26:00 AM,11:42:00 AM,f,190724,8:59:00 AM,Anopheles gambiae,9,12
190725-05-top,32,561,4.6,no,05_percent_food,190725,12:01:00 PM,12:16:00 PM,m,190724,8:59:00 AM,Anopheles gambiae,9,12
190725-05-bottom,33,542,4.9,no,05_percent_food,190725,12:01:00 PM,12:16:00 PM,f,190724,8:59:00 AM,Anopheles gambiae,9,12
190725-06-top,31,558,4.4,no,05_percent_food,190725,12:37:00 PM,12:52:00 PM,f,190724,8:59:00 AM,Anopheles gambiae,9,12
190725-07-top,33,560,4.7,no,05_percent_food,190725,2:09:00 PM,2:25:00 PM,m,190724,8:59:00 AM,Anopheles gambiae,9,12
190725-07-bottom,31,541,4.6,no,05_percent_food,190725,2:09:00 PM,2:25:00 PM,f,190724,8:59:00 AM,Anopheles gambiae,9,12
190725-08-top,30,561,4.3,no,05_percent_food,190725,2:46:00 PM,3:02:00 PM,f,190724,8:59:00 AM,Anopheles gambiae,9,12
190725-08-bottom,35,541,5.2,no,05_percent_food,190725,2:46:00 PM,3:02:00 PM,f,190724,8:59:00 AM,Anopheles gambiae,9,12
190725-09-top,35,558,5.0,no,05_percent_food,190725,3:21:00 PM,3:38:00 PM,f,190724,8:59:00 AM,Anopheles gambiae,9,12
190725-09-bottom,30,539,4.5,no,05_percent_food,190725,3:21:00 PM,3:38:00 PM,f,190724,8:59:00 AM,Anopheles gambiae,9,12
190725-10-top,36,566,5.1,no,05_percent_food,190725,3:59:00 PM,4:15:00 PM,m,190724,8:59:00 AM,Anopheles gambiae,9,12
190725-10-bottom,30,539,4.5,no,05_percent_food,190725,3:59:00 PM,4:15:00 PM,m,190724,8:59:00 AM,Anopheles gambiae,9,12
190727-01-top,33,578,4.6,no,100ul_milliQ_water,190727,9:32:00 AM,9:47:00 AM,f,190726,8:58:00 AM,Anopheles gambiae,9,12
190727-01-bottom,36,563,5.1,no,100ul_milliQ_water,190727,9:32:00 AM,9:47:00 AM,m,190726,8:58:00 AM,Anopheles gambiae,9,12
190727-02-top,38,585,5.2,no,100ul_milliQ_water,190727,10:05:00 AM,10:21:00 AM,f,190726,8:58:00 AM,Anopheles gambiae,9,12
190727-02-bottom,33,576,4.6,no,100ul_milliQ_water,190727,10:05:00 AM,10:21:00 AM,f,190726,8:58:00 AM,Anopheles gambiae,9,12
190727-03-top,32,580,4.4,no,100ul_milliQ_water,190727,10:41:00 AM,10:56:00 AM,f,190726,8:58:00 AM,Anopheles gambiae,9,12
190727-03-bottom,31,561,4.4,no,100ul_milliQ_water,190727,10:41:00 AM,10:56:00 AM,f,190726,8:58:00 AM,Anopheles gambiae,9,12
190727-04-top,36,582,4.9,no,100ul_milliQ_water,190727,11:16:00 AM,11:31:00 AM,f,190726,8:58:00 AM,Anopheles gambiae,9,12
190727-04-bottom,37,563,5.3,no,100ul_milliQ_water,190727,11:16:00 AM,11:31:00 AM,f,190726,8:58:00 AM,Anopheles gambiae,9,12
190727-05-bottom,33,570,4.6,no,100ul_milliQ_water,190727,11:51:00 AM,12:06:00 PM,m,190726,8:58:00 AM,Anopheles gambiae,9,12
190727-06-top,36,584,4.9,no,100ul_milliQ_water,190727,12:26:00 PM,12:43:00 PM,f,190726,8:58:00 AM,Anopheles gambiae,9,12
190727-06-bottom,32,572,4.5,no,100ul_milliQ_water,190727,12:26:00 PM,12:43:00 PM,m,190726,8:58:00 AM,Anopheles gambiae,9,12
190728-01-top,30,562,4.3,no,100ul_milliQ_water,190728,9:28:00 AM,9:43:00 AM,f,190727,9:28:00 AM,Anopheles gambiae,9,12
190728-01-bottom,25,562,3.6,no,100ul_milliQ_water,190728,9:28:00 AM,9:43:00 AM,f,190727,9:28:00 AM,Anopheles gambiae,9,12
190728-02-top,31,574,4.3,no,100ul_milliQ_water,190728,10:02:00 AM,10:18:00 AM,f,190727,9:28:00 AM,Anopheles gambiae,9,12
190728-02-bottom,29,569,4.1,no,100ul_milliQ_water,190728,10:02:00 AM,10:18:00 AM,f,190727,9:28:00 AM,Anopheles gambiae,9,12
190728-03-top,30,576,4.2,no,100ul_milliQ_water,190728,10:36:00 AM,10:32:00 AM,f,190727,9:28:00 AM,Anopheles gambiae,9,12
190728-03-bottom,32,567,4.5,no,100ul_milliQ_water,190728,10:36:00 AM,10:32:00 AM,f,190727,9:28:00 AM,Anopheles gambiae,9,12
190728-04-top,29,576,4.0,no,100ul_milliQ_water,190728,11:10:00 AM,11:25:00 AM,m,190727,9:28:00 AM,Anopheles gambiae,9,12
190728-04-bottom,28,568,3.9,no,100ul_milliQ_water,190728,11:10:00 AM,11:25:00 AM,f,190727,9:28:00 AM,Anopheles gambiae,9,12
190729-01-top,29,544,4.3,no,100ul_milliQ_water,190729,9:34:00 AM,9:50:00 AM,m,190728,8:57:00 AM,Anopheles gambiae,9,12
190729-01-bottom,31,549,4.5,no,100ul_milliQ_water,190729,9:34:00 AM,9:50:00 AM,f,190728,8:57:00 AM,Anopheles gambiae,9,12
190729-02-bottom,32,555,4.6,no,05_percent_food,190729,10:16:00 AM,10:32:00 AM,f,190728,8:57:00 AM,Anopheles gambiae,9,12
190729-03-top,29,550,4.2,no,05_percent_food,190729,10:52:00 AM,11:09:00 AM,f,190728,8:57:00 AM,Anopheles gambiae,9,12
190729-03-bottom,38,549,5.5,no,05_percent_food,190729,10:52:00 AM,11:09:00 AM,m,190728,8:57:00 AM,Anopheles gambiae,9,12
190729-04-top,32,549,4.7,no,05_percent_food,190729,11:31:00 AM,11:48:00 AM,m,190728,8:57:00 AM,Anopheles gambiae,9,12
190729-04-bottom,32,550,4.7,no,05_percent_food,190729,11:31:00 AM,11:48:00 AM,m,190728,8:57:00 AM,Anopheles gambiae,9,12
190729-05-top,35,548,5.1,no,05_percent_food,190729,12:09:00 PM,12:26:00 PM,m,190728,8:57:00 AM,Anopheles gambiae,9,12
190729-05-bottom,34,553,4.9,no,05_percent_food,190729,12:09:00 PM,12:26:00 PM,f,190728,8:57:00 AM,Anopheles gambiae,9,12
190729-06-top,47,550,6.8,no,100ul_milliQ_water,190729,1:16:00 PM,1:33:00 PM,f,190728,8:57:00 AM,Anopheles gambiae,9,12
190729-06-bottom,30,551,4.4,no,100ul_milliQ_water,190729,1:16:00 PM,1:33:00 PM,m,190728,8:57:00 AM,Anopheles gambiae,9,12
190729-07-top,38,547,5.6,no,05_percent_food,190729,2:16:00 PM,2:35:00 PM,f,190728,10:04:00 AM,Aedes aegypti,9,12
190729-07-bottom,33,552,4.8,no,05_percent_food,190729,2:16:00 PM,2:35:00 PM,f,190728,10:04:00 AM,Aedes aegypti,9,12
190729-08-top,33,550,4.8,no,05_percent_food,190729,2:54:00 PM,3:11:00 PM,f,190728,10:04:00 AM,Aedes aegypti,9,12
190729-08-bottom,38,551,5.5,no,05_percent_food,190729,2:54:00 PM,3:11:00 PM,f,190728,10:04:00 AM,Aedes aegypti,9,12
190729-09-top,36,548,5.3,no,05_percent_food,190729,3:31:00 PM,3:48:00 PM,f,190728,10:04:00 AM,Aedes aegypti,9,12
190729-09-bottom,34,553,4.9,no,05_percent_food,190729,3:31:00 PM,3:48:00 PM,f,190728,10:04:00 AM,Aedes aegypti,9,12
190729-10-top,35,547,5.1,no,05_percent_food,190729,4:08:00 PM,4:25:00 PM,f,190728,10:04:00 AM,Aedes aegypti,9,12
190729-10-bottom,39,551,5.7,no,05_percent_food,190729,4:08:00 PM,4:25:00 PM,m,190728,10:04:00 AM,Aedes aegypti,9,12
190730-01-top,36,545,5.3,no,05_percent_food,190730,10:30:00 AM,10:46:00 AM,m,190729,9:32:00 AM,Aedes aegypti,9,12
190805-01-top,29,544,4.3,no,100ul_milliQ_water,190805,9:44:00 AM,10:01:00 AM,f,190804,8:56:00 AM,Culex quinquefasciatus,9,12
190805-01-bottom,35,551,5.1,no,100ul_milliQ_water,190805,9:44:00 AM,10:01:00 AM,f,190804,8:56:00 AM,Culex quinquefasciatus,9,12
190805-02-top,35,550,5.1,no,100ul_milliQ_water,190805,10:22:00 AM,10:38:00 AM,m,190804,8:56:00 AM,Culex quinquefasciatus,9,12
190805-02-bottom,35,552,5.1,no,100ul_milliQ_water,190805,10:22:00 AM,10:38:00 AM,m,190804,8:56:00 AM,Culex quinquefasciatus,9,12
190805-03-top,32,546,4.7,no,100ul_milliQ_water,190805,10:56:00 AM,11:12:00 AM,m,190804,8:56:00 AM,Culex quinquefasciatus,9,12
190805-03-bottom,34,552,4.9,no,100ul_milliQ_water,190805,10:56:00 AM,11:12:00 AM,m,190804,8:56:00 AM,Culex quinquefasciatus,9,12
190805-04-top,38,550,5.5,no,100ul_milliQ_water,190805,11:31:00 AM,11:47:00 AM,m,190804,8:56:00 AM,Culex quinquefasciatus,9,12
190805-04-bottom,27,552,3.9,no,100ul_milliQ_water,190805,11:31:00 AM,11:47:00 AM,f,190804,8:56:00 AM,Culex quinquefasciatus,9,12
190805-05-top,34,555,4.9,no,100ul_milliQ_water,190805,12:09:00 PM,12:25:00 PM,m,190804,8:56:00 AM,Culex quinquefasciatus,9,12
190805-05-bottom,33,557,4.7,no,100ul_milliQ_water,190805,12:09:00 PM,12:25:00 PM,m,190804,8:56:00 AM,Culex quinquefasciatus,9,12
190805-06-top,32,551,4.6,no,100ul_milliQ_water,190805,1:53:00 PM,2:09:00 PM,m,190804,8:56:00 AM,Culex quinquefasciatus,9,12
190805-06-bottom,31,554,4.5,no,100ul_milliQ_water,190805,1:53:00 PM,2:09:00 PM,f,190804,8:56:00 AM,Culex quinquefasciatus,9,12
190805-07-top,33,555,4.8,no,100ul_milliQ_water,190805,2:30:00 PM,2:45:00 PM,m,190804,8:56:00 AM,Culex quinquefasciatus,9,12
190805-07-bottom,30,552,4.3,no,100ul_milliQ_water,190805,2:30:00 PM,2:45:00 PM,f,190804,8:56:00 AM,Culex quinquefasciatus,9,12
190805-08-top,29,547,4.2,no,100ul_milliQ_water,190805,3:05:00 PM,3:22:00 PM,m,190804,8:56:00 AM,Culex quinquefasciatus,9,12
190805-08-bottom,32,551,4.6,no,100ul_milliQ_water,190805,3:05:00 PM,3:22:00 PM,m,190804,8:56:00 AM,Culex quinquefasciatus,9,12
190805-09-top,28,549,4.1,no,100ul_milliQ_water,190805,3:43:00 PM,3:58:00 PM,f,190804,8:56:00 AM,Culex quinquefasciatus,9,12
190805-09-bottom,37,555,5.3,no,100ul_milliQ_water,190805,3:43:00 PM,3:58:00 PM,f,190804,8:56:00 AM,Culex quinquefasciatus,9,12
190805-10-top,32,550,4.7,no,100ul_milliQ_water,190805,4:18:00 PM,4:34:00 PM,f,190804,8:56:00 AM,Culex quinquefasciatus,9,12
190805-10-bottom,32,552,4.6,no,100ul_milliQ_water,190805,4:18:00 PM,4:34:00 PM,f,190804,8:56:00 AM,Culex quinquefasciatus,9,12
190806-01-top,42,556,6.0,no,100ul_milliQ_water,190806,9:49:00 AM,10:05:00 AM,f,190805,9:27:00 AM,Culex quinquefasciatus,9,12
190806-02-top,36,549,5.2,no,100ul_quinine,190806,10:23:00 AM,10:40:00 AM,m,190805,9:27:00 AM,Culex quinquefasciatus,9,12
190806-03-top,32,551,4.6,no,100ul_quinine,190806,10:59:00 AM,11:14:00 AM,f,190805,9:27:00 AM,Culex quinquefasciatus,9,12
190806-03-bottom,28,550,4.1,no,100ul_quinine,190806,10:59:00 AM,11:14:00 AM,m,190805,9:27:00 AM,Culex quinquefasciatus,9,12
190806-04-top,40,554,5.8,no,100ul_quinine,190806,11:32:00 AM,11:48:00 AM,m,190805,9:27:00 AM,Culex quinquefasciatus,9,12
190806-04-bottom,37,555,5.3,no,100ul_quinine,190806,11:32:00 AM,11:48:00 AM,m,190805,9:27:00 AM,Culex quinquefasciatus,9,12
190806-05-top,35,557,5.0,no,100ul_quinine,190806,12:48:00 PM,1:05:00 PM,f,190805,9:27:00 AM,Culex quinquefasciatus,9,12
190806-05-bottom,36,555,5.2,no,100ul_quinine,190806,12:48:00 PM,1:05:00 PM,f,190805,9:27:00 AM,Culex quinquefasciatus,9,12
190806-06-top,31,555,4.5,no,100ul_quinine,190806,1:23:00 PM,1:40:00 PM,f,190805,9:27:00 AM,Culex quinquefasciatus,9,12
190806-06-bottom,35,553,5.1,no,100ul_quinine,190806,1:23:00 PM,1:40:00 PM,f,190805,9:27:00 AM,Culex quinquefasciatus,9,12
190806-07-bottom,34,552,4.9,no,100ul_quinine,190806,1:59:00 PM,2:15:00 PM,f,190805,9:27:00 AM,Culex quinquefasciatus,9,12
190806-08-top,34,551,4.9,no,100ul_quinine,190806,2:34:00 PM,2:50:00 PM,f,190805,9:27:00 AM,Culex quinquefasciatus,9,12
190806-08-bottom,33,551,4.8,no,100ul_quinine,190806,2:34:00 PM,2:50:00 PM,m,190805,9:27:00 AM,Culex quinquefasciatus,9,12
190807-01-top,31,545,4.6,no,100ul_quinine,190807,1:02:00 PM,1:19:00 PM,f,190806,9:39:00 AM,Culex quinquefasciatus,9,12
190807-02-bottom,35,555,5.0,no,100ul_quinine,190807,1:37:00 PM,1:53:00 PM,f,190806,9:39:00 AM,Culex quinquefasciatus,9,12
190807-03-bottom,35,550,5.1,no,100ul_quinine,190807,2:11:00 PM,2:27:00 PM,m,190806,9:39:00 AM,Culex quinquefasciatus,9,12
190807-04-top,38,548,5.5,no,100ul_quinine,190807,2:46:00 PM,3:02:00 PM,f,190806,9:39:00 AM,Culex quinquefasciatus,9,12
190807-04-bottom,38,550,5.5,no,100ul_quinine,190807,2:46:00 PM,3:02:00 PM,f,190806,9:39:00 AM,Culex quinquefasciatus,9,12
190808-01-top,32,547,4.7,no,05_percent_food,190808,12:30:00 PM,12:46:00 PM,f,190807,11:48:00 AM,Culex quinquefasciatus,9,12
190808-01-bottom,34,551,4.9,no,05_percent_food,190808,12:30:00 PM,12:46:00 PM,f,190807,11:48:00 AM,Culex quinquefasciatus,9,12
190808-02-top,35,552,5.1,no,05_percent_food,190808,1:05:00 PM,1:21:00 PM,f,190807,11:48:00 AM,Culex quinquefasciatus,9,12
190808-02-bottom,36,546,5.3,no,05_percent_food,190808,1:05:00 PM,1:21:00 PM,f,190807,11:48:00 AM,Culex quinquefasciatus,9,12
190808-03-bottom,33,553,4.8,no,05_percent_food,190808,1:39:00 PM,1:55:00 PM,m,190807,11:48:00 AM,Culex quinquefasciatus,9,12
190808-04-top,30,549,4.4,no,05_percent_food,190808,2:15:00 PM,2:31:00 PM,f,190807,11:48:00 AM,Culex quinquefasciatus,9,12
190808-04-bottom,40,553,5.8,no,05_percent_food,190808,2:15:00 PM,2:31:00 PM,f,190807,11:48:00 AM,Culex quinquefasciatus,9,12
190808-05-top,35,547,5.1,no,05_percent_food,190808,2:50:00 PM,3:06:00 PM,m,190807,11:48:00 AM,Culex quinquefasciatus,9,12
190808-05-bottom,35,549,5.1,no,05_percent_food,190808,2:50:00 PM,3:06:00 PM,m,190807,11:48:00 AM,Culex quinquefasciatus,9,12
190808-06-top,34,546,5.0,no,05_percent_food,190808,3:25:00 PM,3:41:00 PM,m,190807,11:48:00 AM,Culex quinquefasciatus,9,12
190808-07-top,31,551,4.5,no,05_percent_food,190808,4:01:00 PM,4:16:00 PM,m,190807,11:48:00 AM,Culex quinquefasciatus,9,12
190808-07-bottom,35,552,5.1,no,05_percent_food,190808,4:01:00 PM,4:16:00 PM,f,190807,11:48:00 AM,Culex quinquefasciatus,9,12
190808-08-top,40,552,5.8,no,05_percent_food,190808,4:35:00 PM,4:50:00 PM,f,190807,11:48:00 AM,Culex quinquefasciatus,9,12
190808-08-bottom,39,550,5.7,no,05_percent_food,190808,4:35:00 PM,4:50:00 PM,f,190807,11:48:00 AM,Culex quinquefasciatus,9,12
190809-01-top,37,545,5.4,no,05_percent_food,190809,10:44:00 AM,11:00:00 AM,f,190808,9:21:00 AM,Culex quinquefasciatus,9,12
190809-02-top,34,548,5.0,no,05_percent_food,190809,11:18:00 AM,11:34:00 AM,f,190808,9:21:00 AM,Culex quinquefasciatus,9,12
190809-02-bottom,42,548,6.1,no,05_percent_food,190809,11:18:00 AM,11:34:00 AM,f,190808,9:21:00 AM,Culex quinquefasciatus,9,12
190809-03-top,28,550,4.1,no,05_percent_food,190809,11:53:00 AM,12:10:00 PM,f,190808,9:21:00 AM,Culex quinquefasciatus,9,12
190809-03-bottom,35,552,5.1,no,05_percent_food,190809,11:53:00 AM,12:10:00 PM,m,190808,9:21:00 AM,Culex quinquefasciatus,9,12
190820-01-top,31,548,4.5,no,100ul_quinine,190820,10:31:00 AM,10:47:00 AM,f,190819,10:02:00 AM,Culex quinquefasciatus,9,12
190820-02-top,34,551,4.9,no,100ul_quinine,190820,11:06:00 AM,11:23:00 AM,f,190819,10:02:00 AM,Culex quinquefasciatus,9,12
190820-02-bottom,34,553,4.9,no,100ul_quinine,190820,11:06:00 AM,11:23:00 AM,m,190819,10:02:00 AM,Culex quinquefasciatus,9,12
190820-03-bottom,33,549,4.8,no,100ul_quinine,190820,11:41:00 AM,11:56:00 AM,f,190819,10:02:00 AM,Culex quinquefasciatus,9,12
190820-04-bottom,31,549,4.5,no,100ul_quinine,190820,12:15:00 PM,12:31:00 PM,f,190819,10:02:00 AM,Culex quinquefasciatus,9,12
190820-05-top,28,551,4.1,no,05_percent_food,190820,1:34:00 PM,1:50:00 PM,f,190819,10:02:00 AM,Culex quinquefasciatus,9,12
190820-05-bottom,27,551,3.9,no,05_percent_food,190820,1:34:00 PM,1:50:00 PM,m,190819,10:02:00 AM,Culex quinquefasciatus,9,12
190820-06-top,35,547,5.1,no,05_percent_food,190820,2:10:00 PM,2:26:00 PM,f,190819,10:02:00 AM,Culex quinquefasciatus,9,12
190820-06-bottom,31,549,4.5,no,05_percent_food,190820,2:10:00 PM,2:26:00 PM,m,190819,10:02:00 AM,Culex quinquefasciatus,9,12
190917-01-top,34,573,4.7,no,100ul_milliQ_water,190917,9:32:00 AM,9:48:00 AM,m,190916,9:30:00 AM,Culex quinquefasciatus,9,12
190917-01-bottom,31,550,4.5,no,100ul_milliQ_water,190917,9:32:00 AM,9:48:00 AM,m,190916,9:30:00 AM,Culex quinquefasciatus,9,12
190917-02-top,35,562,5.0,no,100ul_milliQ_water,190917,10:06:00 AM,10:23:00 AM,m,190916,9:30:00 AM,Culex quinquefasciatus,9,12
190917-02-bottom,29,553,4.2,no,100ul_milliQ_water,190917,10:06:00 AM,10:23:00 AM,m,190916,9:30:00 AM,Culex quinquefasciatus,9,12
190917-03-top,34,554,4.9,no,100ul_milliQ_water,190917,10:42:00 AM,10:58:00 AM,m,190916,9:30:00 AM,Culex quinquefasciatus,9,12
190917-03-bottom,31,547,4.5,no,100ul_milliQ_water,190917,10:42:00 AM,10:58:00 AM,m,190916,9:30:00 AM,Culex quinquefasciatus,9,12
190917-04-top,30,556,4.3,no,100ul_milliQ_water,190917,1:06:00 PM,1:22:00 PM,f,190916,9:30:00 AM,Culex quinquefasciatus,9,12
190917-04-bottom,32,537,4.8,no,100ul_milliQ_water,190917,1:06:00 PM,1:22:00 PM,f,190916,9:30:00 AM,Culex quinquefasciatus,9,12
190917-05-top,34,563,4.8,no,100ul_milliQ_water,190917,1:41:00 PM,1:56:00 PM,m,190916,9:30:00 AM,Culex quinquefasciatus,9,12
190917-05-bottom,33,543,4.9,no,100ul_milliQ_water,190917,1:41:00 PM,1:56:00 PM,f,190916,9:30:00 AM,Culex quinquefasciatus,9,12
190917-06-top,32,564,4.5,no,100ul_milliQ_water,190917,2:14:00 PM,2:30:00 PM,m,190916,9:30:00 AM,Culex quinquefasciatus,9,12
190917-06-bottom,33,541,4.9,no,100ul_milliQ_water,190917,2:14:00 PM,2:30:00 PM,m,190916,9:30:00 AM,Culex quinquefasciatus,9,12
190917-07-top,34,562,4.8,no,100ul_milliQ_water,190917,2:53:00 PM,3:09:00 PM,f,190916,9:30:00 AM,Culex quinquefasciatus,9,12
190917-08-top,32,553,4.6,no,100ul_milliQ_water,190917,3:30:00 PM,3:46:00 PM,m,190916,9:30:00 AM,Culex quinquefasciatus,9,12
190917-08-bottom,39,553,5.6,no,100ul_milliQ_water,190917,3:30:00 PM,3:46:00 PM,f,190916,9:30:00 AM,Culex quinquefasciatus,9,12
190917-09-bottom,39,552,5.7,no,100ul_milliQ_water,190917,4:04:00 PM,4:20:00 PM,f,190916,9:30:00 AM,Culex quinquefasciatus,9,12
190918-01-top,34,558,4.9,no,100ul_quinine,190918,10:02:00 AM,10:18:00 AM,m,190917,9:16:00 AM,Culex quinquefasciatus,9,12
190918-01-bottom,31,540,4.6,no,100ul_quinine,190918,10:02:00 AM,10:18:00 AM,m,190917,9:16:00 AM,Culex quinquefasciatus,9,12
190918-02-bottom,31,546,4.5,no,100ul_quinine,190918,10:37:00 AM,10:53:00 AM,m,190917,9:16:00 AM,Culex quinquefasciatus,9,12
190918-03-bottom,38,547,5.6,no,100ul_quinine,190918,11:12:00 AM,11:31:00 AM,f,190917,9:16:00 AM,Culex quinquefasciatus,9,12
190918-04-top,36,553,5.2,no,100ul_quinine,190918,11:49:00 AM,12:05:00 PM,f,190917,9:16:00 AM,Culex quinquefasciatus,9,12
190918-04-bottom,38,550,5.5,no,100ul_quinine,190918,11:49:00 AM,12:05:00 PM,f,190917,9:16:00 AM,Culex quinquefasciatus,9,12
190918-05-top,35,556,5.0,no,100ul_quinine,190918,1:18:00 PM,1:35:00 PM,m,190917,9:16:00 AM,Culex quinquefasciatus,9,12
190918-05-bottom,35,549,5.1,no,100ul_quinine,190918,1:18:00 PM,1:35:00 PM,m,190917,9:16:00 AM,Culex quinquefasciatus,9,12
190918-06-top,39,556,5.6,no,100ul_quinine,190918,1:54:00 PM,2:09:00 PM,f,190917,9:16:00 AM,Culex quinquefasciatus,9,12
190918-06-bottom,35,550,5.1,no,100ul_quinine,190918,1:54:00 PM,2:09:00 PM,f,190917,9:16:00 AM,Culex quinquefasciatus,9,12
190918-07-top,37,553,5.4,no,100ul_quinine,190918,2:28:00 PM,2:45:00 PM,f,190917,9:16:00 AM,Culex quinquefasciatus,9,12
190918-07-bottom,42,553,6.1,no,100ul_quinine,190918,2:28:00 PM,2:45:00 PM,f,190917,9:16:00 AM,Culex quinquefasciatus,9,12
190918-08-top,37,555,5.3,no,100ul_quinine,190918,3:03:00 PM,3:19:00 PM,m,190917,9:16:00 AM,Culex quinquefasciatus,9,12
190918-08-bottom,30,552,4.3,no,100ul_quinine,190918,3:03:00 PM,3:19:00 PM,m,190917,9:16:00 AM,Culex quinquefasciatus,9,12
190918-09-top,37,555,5.3,no,100ul_quinine,190918,3:38:00 PM,3:53:00 PM,f,190917,9:16:00 AM,Culex quinquefasciatus,9,12
190918-09-bottom,35,550,5.1,no,100ul_quinine,190918,3:38:00 PM,3:53:00 PM,m,190917,9:16:00 AM,Culex quinquefasciatus,9,12
190918-10-top,33,551,4.8,no,100ul_quinine,190918,4:13:00 PM,4:29:00 PM,f,190917,9:16:00 AM,Culex quinquefasciatus,9,12
190918-10-bottom,39,546,5.7,no,100ul_quinine,190918,4:13:00 PM,4:29:00 PM,f,190917,9:16:00 AM,Culex quinquefasciatus,9,12
191031-01-top,35,552,5.1,no,05_percent_food,191031,11:21:00 AM,11:36:00 AM,m,191030,10:19:00 AM,Culex quinquefasciatus,9,12
191031-02-top,34,563,4.8,no,05_percent_food,191031,11:54:00 AM,12:10:00 PM,m,191030,10:19:00 AM,Culex quinquefasciatus,9,12
191031-03-top,34,561,4.8,no,05_percent_food,191031,12:54:00 PM,1:09:00 PM,f,191030,10:19:00 AM,Culex quinquefasciatus,9,12
191031-04-top,38,564,5.4,no,05_percent_food,191031,1:29:00 PM,1:45:00 PM,f,191030,10:19:00 AM,Culex quinquefasciatus,9,12
191031-04-bottom,37,539,5.5,no,05_percent_food,191031,1:29:00 PM,1:45:00 PM,m,191030,10:19:00 AM,Culex quinquefasciatus,9,12
191031-05-top,35,561,5.0,no,05_percent_food,191031,2:05:00 PM,2:20:00 PM,f,191030,10:19:00 AM,Culex quinquefasciatus,9,12
191031-05-bottom,36,544,5.3,no,05_percent_food,191031,2:05:00 PM,2:20:00 PM,f,191030,10:19:00 AM,Culex quinquefasciatus,9,12
191031-06-top,34,551,4.9,no,05_percent_food,191031,2:40:00 PM,2:56:00 PM,m,191030,10:19:00 AM,Culex quinquefasciatus,9,12
191031-06-bottom,38,548,5.5,no,05_percent_food,191031,2:40:00 PM,2:56:00 PM,f,191030,10:19:00 AM,Culex quinquefasciatus,9,12
191031-07-top,39,551,5.7,no,05_percent_food,191031,3:18:00 PM,3:35:00 PM,f,191030,10:19:00 AM,Culex quinquefasciatus,9,12
191106-01-top,38,558,5.4,no,100ul_milliQ_water,191106,10:20:00 AM,10:50:00 AM,m,191105,9:37:00 AM,Anopheles gambiae,9,12
191106-01-bottom,25,533,3.8,no,100ul_milliQ_water,191106,10:20:00 AM,10:50:00 AM,f,191105,9:37:00 AM,Anopheles gambiae,9,12
191106-02-top,26,563,3.7,no,100ul_milliQ_water,191106,10:53:00 AM,11:09:00 AM,f,191105,9:37:00 AM,Anopheles gambiae,9,12
191106-02-bottom,31,544,4.6,no,100ul_milliQ_water,191106,10:53:00 AM,11:09:00 AM,m,191105,9:37:00 AM,Anopheles gambiae,9,12
191106-03-top,32,561,4.6,no,100ul_milliQ_water,191106,11:27:00 AM,11:42:00 AM,f,191105,9:37:00 AM,Anopheles gambiae,9,12
191106-03-bottom,27,542,4.0,no,100ul_milliQ_water,191106,11:27:00 AM,11:42:00 AM,f,191105,9:37:00 AM,Anopheles gambiae,9,12
191106-04-top,30,559,4.3,no,100ul_milliQ_water,191106,12:00:00 PM,12:15:00 PM,m,191105,9:37:00 AM,Anopheles gambiae,9,12
191106-04-bottom,38,546,5.6,no,100ul_milliQ_water,191106,12:00:00 PM,12:15:00 PM,f,191105,9:37:00 AM,Anopheles gambiae,9,12
191106-05-top,33,554,4.8,no,100ul_milliQ_water,191106,12:34:00 PM,12:49:00 PM,m,191105,9:37:00 AM,Anopheles gambiae,9,12
191106-05-bottom,25,548,3.6,no,100ul_milliQ_water,191106,12:34:00 PM,12:49:00 PM,m,191105,9:37:00 AM,Anopheles gambiae,9,12
191106-06-bottom,34,552,4.9,no,100ul_milliQ_water,191106,1:06:00 PM,1:22:00 PM,f,191105,9:37:00 AM,Anopheles gambiae,9,12
191106-07-top,32,549,4.7,no,100ul_milliQ_water,191106,4:37:00 PM,4:53:00 PM,f,191105,9:37:00 AM,Anopheles gambiae,9,12
191106-07-bottom,31,554,4.5,no,100ul_milliQ_water,191106,4:37:00 PM,4:53:00 PM,m,191105,9:37:00 AM,Anopheles gambiae,9,12
191106-08-top,35,557,5.0,no,100ul_milliQ_water,191106,5:10:00 PM,5:26:00 PM,f,191105,9:37:00 AM,Anopheles gambiae,9,12
191106-08-bottom,34,554,4.9,no,100ul_milliQ_water,191106,5:10:00 PM,5:26:00 PM,m,191105,9:37:00 AM,Anopheles gambiae,9,12
191107-01-top,33,550,4.8,no,100ul_quinine,191107,10:51:00 AM,11:07:00 AM,m,191106,10:44:00 AM,Anopheles gambiae,9,12
191107-01-bottom,32,546,4.7,no,100ul_quinine,191107,10:51:00 AM,11:07:00 AM,f,191106,10:44:00 AM,Anopheles gambiae,9,12
191107-02-top,28,556,4.0,no,100ul_quinine,191107,11:31:00 AM,11:47:00 AM,m,191106,10:44:00 AM,Anopheles gambiae,9,12
191107-03-top,33,562,4.7,no,100ul_quinine,191107,12:06:00 PM,12:22:00 PM,m,191106,10:44:00 AM,Anopheles gambiae,9,12
191107-03-bottom,30,543,4.4,no,100ul_quinine,191107,12:06:00 PM,12:22:00 PM,m,191106,10:44:00 AM,Anopheles gambiae,9,12
191107-04-top,26,565,3.7,no,100ul_quinine,191107,12:40:00 PM,12:57:00 PM,f,191106,10:44:00 AM,Anopheles gambiae,9,12
191107-04-bottom,31,539,4.6,no,100ul_quinine,191107,12:40:00 PM,12:57:00 PM,m,191106,10:44:00 AM,Anopheles gambiae,9,12
191107-05-top,35,564,5.0,no,100ul_quinine,191107,1:34:00 PM,1:50:00 PM,m,191106,10:44:00 AM,Anopheles gambiae,9,12
191107-05-bottom,29,537,4.3,no,100ul_quinine,191107,1:34:00 PM,1:50:00 PM,f,191106,10:44:00 AM,Anopheles gambiae,9,12
191107-06-top,29,553,4.2,no,100ul_quinine,191107,2:11:00 PM,2:28:00 PM,m,191106,10:44:00 AM,Anopheles gambiae,9,12
191107-06-bottom,34,549,5.0,no,100ul_quinine,191107,2:11:00 PM,2:28:00 PM,m,191106,10:44:00 AM,Anopheles gambiae,9,12
191107-07-top,25,550,3.6,no,05_percent_food,191107,2:46:00 PM,3:03:00 PM,f,191106,10:44:00 AM,Anopheles gambiae,9,12
191107-07-bottom,31,547,4.5,no,05_percent_food,191107,2:46:00 PM,3:03:00 PM,m,191106,10:44:00 AM,Anopheles gambiae,9,12
191107-08-bottom,32,547,4.7,no,05_percent_food,191107,3:27:00 PM,3:43:00 PM,m,191106,10:44:00 AM,Anopheles gambiae,9,12
191107-09-top,31,564,4.4,no,05_percent_food,191107,4:03:00 PM,4:18:00 PM,m,191106,10:44:00 AM,Anopheles gambiae,9,12
191107-09-bottom,32,540,4.7,no,05_percent_food,191107,4:03:00 PM,4:18:00 PM,m,191106,10:44:00 AM,Anopheles gambiae,9,12
191107-10-top,33,565,4.7,no,05_percent_food,191107,4:38:00 PM,4:54:00 PM,m,191106,10:44:00 AM,Anopheles gambiae,9,12
191107-10-bottom,28,540,4.1,no,05_percent_food,191107,4:38:00 PM,4:54:00 PM,f,191106,10:44:00 AM,Anopheles gambiae,9,12
191107-11-top,29,553,4.2,no,05_percent_food,191107,5:12:00 PM,5:28:00 PM,m,191106,10:44:00 AM,Anopheles gambiae,9,12
191107-11-bottom,26,549,3.8,no,05_percent_food,191107,5:12:00 PM,5:28:00 PM,m,191106,10:44:00 AM,Anopheles gambiae,9,12
191107-12-top,26,552,3.8,no,05_percent_food,191107,5:49:00 PM,6:04:00 PM,f,191106,10:44:00 AM,Anopheles gambiae,9,12
191107-12-bottom,29,547,4.2,no,05_percent_food,191107,5:49:00 PM,6:04:00 PM,m,191106,10:44:00 AM,Anopheles gambiae,9,12
191107-13-top,26,561,3.7,no,05_percent_food,191107,6:23:00 PM,6:38:00 PM,m,191106,10:44:00 AM,Anopheles gambiae,9,12
191107-13-bottom,34,546,5.0,no,05_percent_food,191107,6:23:00 PM,6:38:00 PM,f,191106,10:44:00 AM,Anopheles gambiae,9,12
191108-01-top,31,552,4.5,no,100ul_quinine,191108,10:30:00 AM,10:46:00 AM,m,191107,10:27:00 AM,Anopheles gambiae,9,12
191108-01-bottom,26,548,3.8,no,100ul_quinine,191108,10:30:00 AM,10:46:00 AM,m,191107,10:27:00 AM,Anopheles gambiae,9,12
191108-02-top,31,556,4.5,no,100ul_quinine,191108,11:05:00 AM,11:20:00 AM,f,191107,10:27:00 AM,Anopheles gambiae,9,12
191108-02-bottom,31,551,4.5,no,100ul_quinine,191108,11:05:00 AM,11:20:00 AM,m,191107,10:27:00 AM,Anopheles gambiae,9,12
191108-03-top,29,566,4.1,no,100ul_quinine,191108,3:13:00 PM,3:29:00 PM,f,191107,3:10:00 PM,Anopheles arabiensis,9,12
191108-03-bottom,27,539,4.0,no,100ul_quinine,191108,3:13:00 PM,3:29:00 PM,m,191107,3:10:00 PM,Anopheles arabiensis,9,12
191108-04-top,26,553,3.8,no,100ul_quinine,191108,3:48:00 PM,4:04:00 PM,m,191107,3:10:00 PM,Anopheles arabiensis,9,12
191108-04-bottom,29,553,4.2,no,100ul_quinine,191108,3:48:00 PM,4:04:00 PM,m,191107,3:10:00 PM,Anopheles arabiensis,9,12
191108-05-bottom,30,555,4.3,no,100ul_quinine,191108,4:22:00 PM,4:41:00 PM,m,191107,3:10:00 PM,Anopheles arabiensis,9,12
191108-06-bottom,27,541,4.0,no,100ul_quinine,191108,4:58:00 PM,5:14:00 PM,f,191107,3:10:00 PM,Anopheles arabiensis,9,12
191108-07-top,29,547,4.2,no,100ul_quinine,191108,5:32:00 PM,5:48:00 PM,m,191107,3:10:00 PM,Anopheles arabiensis,9,12
191108-07-bottom,28,548,4.1,no,100ul_quinine,191108,5:32:00 PM,5:48:00 PM,m,191107,3:10:00 PM,Anopheles arabiensis,9,12
191108-08-top,33,548,4.8,no,100ul_quinine,191108,6:09:00 PM,6:25:00 PM,f,191107,3:10:00 PM,Anopheles arabiensis,9,12
191108-08-bottom,32,548,4.7,no,100ul_quinine,191108,6:09:00 PM,6:25:00 PM,f,191107,3:10:00 PM,Anopheles arabiensis,9,12
191108-09-bottom,32,546,4.7,no,100ul_quinine,191108,6:44:00 PM,7:01:00 PM,m,191107,3:10:00 PM,Anopheles arabiensis,9,12
191108-11-top,32,555,4.6,no,100ul_quinine,191108,7:53:00 PM,8:08:00 PM,m,191107,3:10:00 PM,Anopheles arabiensis,9,12
191108-12-bottom,27,550,3.9,no,100ul_milliQ_water,191108,8:27:00 PM,8:43:00 PM,f,191107,3:10:00 PM,Anopheles arabiensis,9,12
191109-01-top,31,559,4.4,no,100ul_milliQ_water,191109,11:09:00 AM,11:25:00 AM,m,191108,10:37:00 AM,Anopheles arabiensis,9,12
191109-01-bottom,33,536,4.9,no,100ul_milliQ_water,191109,11:09:00 AM,11:25:00 AM,m,191108,10:37:00 AM,Anopheles arabiensis,9,12
191109-02-top,30,564,4.3,no,100ul_milliQ_water,191109,11:43:00 AM,11:44:00 AM,f,191108,10:37:00 AM,Anopheles arabiensis,9,12
191109-03-top,31,566,4.4,no,100ul_milliQ_water,191109,12:02:00 PM,12:33:00 PM,m,191108,10:37:00 AM,Anopheles arabiensis,9,12
191109-03-bottom,35,544,5.1,no,100ul_milliQ_water,191109,12:02:00 PM,12:33:00 PM,f,191108,10:37:00 AM,Anopheles arabiensis,9,12
191109-04-bottom,30,544,4.4,no,100ul_milliQ_water,191109,12:51:00 PM,1:08:00 PM,m,191108,10:37:00 AM,Anopheles arabiensis,9,12
191109-05-top,28,566,4.0,no,100ul_milliQ_water,191109,1:10:00 PM,1:26:00 PM,m,191108,10:37:00 AM,Anopheles arabiensis,9,12
191109-05-bottom,31,545,4.6,no,100ul_milliQ_water,191109,1:10:00 PM,1:26:00 PM,m,191108,10:37:00 AM,Anopheles arabiensis,9,12
191109-07-top,27,553,3.9,no,100ul_quinine,191109,2:33:00 PM,2:50:00 PM,f,191108,3:50:00 PM,Anopheles arabiensis,9,12
191109-07-bottom,28,549,4.1,no,100ul_quinine,191109,2:33:00 PM,2:50:00 PM,f,191108,3:50:00 PM,Anopheles arabiensis,9,12
191109-08-bottom,26,543,3.8,no,100ul_quinine,191109,3:07:00 PM,3:23:00 PM,f,191108,3:50:00 PM,Anopheles arabiensis,9,12
191109-09-bottom,30,549,4.4,no,100ul_quinine,191109,3:41:00 PM,3:58:00 PM,m,191108,3:50:00 PM,Anopheles arabiensis,9,12
191109-10-top,27,564,3.8,no,100ul_quinine,191109,4:16:00 PM,4:31:00 PM,m,191108,3:50:00 PM,Anopheles arabiensis,9,12
191109-10-bottom,30,542,4.4,no,100ul_quinine,191109,4:16:00 PM,4:31:00 PM,m,191108,3:50:00 PM,Anopheles arabiensis,9,12
191110-01-bottom,31,544,4.6,no,05_percent_food,191110,11:06:00 AM,11:22:00 AM,f,191109,11:02:00 AM,Anopheles arabiensis,9,12
191110-02-top,28,566,4.0,no,05_percent_food,191110,11:40:00 AM,11:55:00 AM,m,191109,11:02:00 AM,Anopheles arabiensis,9,12
191110-03-top,30,564,4.3,no,05_percent_food,191110,12:13:00 PM,12:30:00 PM,f,191109,11:02:00 AM,Anopheles arabiensis,9,12
191110-03-bottom,31,538,4.6,no,05_percent_food,191110,12:13:00 PM,12:30:00 PM,f,191109,11:02:00 AM,Anopheles arabiensis,9,12
191110-04-top,29,565,4.1,no,05_percent_food,191110,12:47:00 PM,1:03:00 PM,f,191109,11:02:00 AM,Anopheles arabiensis,9,12
191110-05-bottom,31,539,4.6,no,05_percent_food,191110,1:24:00 PM,1:39:00 PM,f,191109,11:02:00 AM,Anopheles arabiensis,9,12
191110-06-top,28,565,4.0,no,05_percent_food,191110,1:57:00 PM,2:13:00 PM,m,191109,11:02:00 AM,Anopheles arabiensis,9,12
191110-07-bottom,35,545,5.1,no,05_percent_food,191110,2:31:00 PM,2:48:00 PM,f,191109,11:02:00 AM,Anopheles arabiensis,9,12
191110-08-top,32,563,4.5,no,05_percent_food,191110,3:06:00 PM,3:21:00 PM,f,191109,2:58:00 PM,Anopheles arabiensis,9,12
191110-08-bottom,30,540,4.4,no,05_percent_food,191110,3:06:00 PM,3:21:00 PM,m,191109,2:58:00 PM,Anopheles arabiensis,9,12
191110-09-bottom,33,539,4.9,no,05_percent_food,191110,3:39:00 PM,3:55:00 PM,f,191109,2:58:00 PM,Anopheles arabiensis,9,12
191110-10-top,28,567,4.0,no,05_percent_food,191110,4:13:00 PM,4:30:00 PM,m,191109,2:58:00 PM,Anopheles arabiensis,9,12
191126-01-top,31,559,4.4,no,100ul_milliQ_water,191126,11:13,11:47,m,191125,10:40,Culex tarsalis,8,16
191126-01-bottom,24,526,3.7,no,100ul_milliQ_water,191126,11:13,11:47,f,191125,10:40,Culex tarsalis,8,16
191126-02-top,31,558,4.4,no,100ul_milliQ_water,191126,11:50,12:06,f,191125,10:40,Culex tarsalis,8,16
191126-02-bottom,24,530,3.6,no,100ul_milliQ_water,191126,11:50,12:06,m,191125,10:40,Culex tarsalis,8,16
191126-04-bottom,31,548,4.5,no,100ul_milliQ_water,191126,13:43,13:58,m,191125,10:40,Culex tarsalis,8,16
191126-05-top,26,560,3.7,no,100ul_milliQ_water,191126,14:32,14:49,m,191125,10:40,Culex tarsalis,8,16
191126-05-bottom,26,535,3.9,no,100ul_milliQ_water,191126,14:32,14:49,f,191125,10:40,Culex tarsalis,8,16
191126-06-top,27,553,3.9,no,100ul_milliQ_water,191126,15:08,15:24,f,191125,10:40,Culex tarsalis,8,16
191126-06-bottom,33,537,4.9,no,100ul_milliQ_water,191126,15:08,15:24,f,191125,10:40,Culex tarsalis,8,16
191126-07-top,26,547,3.8,no,100ul_milliQ_water,191126,16:31,16:47,f,191125,15:04,Culex tarsalis,8,16
191126-07-bottom,29,544,4.3,no,100ul_milliQ_water,191126,16:31,16:47,m,191125,15:04,Culex tarsalis,8,16
191126-08-top,34,544,5.0,no,100ul_milliQ_water,191126,17:04,17:20,m,191125,15:04,Culex tarsalis,8,16
191126-08-bottom,31,543,4.6,no,100ul_milliQ_water,191126,17:04,17:20,f,191125,15:04,Culex tarsalis,8,16
191126-09-top,31,547,4.5,no,100ul_milliQ_water,191126,17:53,18:09,m,191125,15:04,Culex tarsalis,8,16
191126-09-bottom,30,545,4.4,no,100ul_milliQ_water,191126,17:53,18:09,f,191125,15:04,Culex tarsalis,8,16
191126-11-bottom,29,537,4.3,no,100ul_quinine,191126,19:03,19:45,f,191125,15:04,Culex tarsalis,8,16
191126-12-bottom,29,542,4.3,no,100ul_quinine,191126,19:38,19:54,f,191125,15:04,Culex tarsalis,8,16
191126-13-bottom,32,546,4.7,no,100ul_quinine,191126,20:13,20:29,m,191125,15:04,Culex tarsalis,8,16
191126-14-top,29,551,4.2,no,100ul_quinine,191126,20:48,21:03,m,191125,15:04,Culex tarsalis,8,16
191126-14-bottom,32,544,4.7,no,100ul_quinine,191126,20:48,21:03,m,191125,15:04,Culex tarsalis,8,16
191126-15-top,29,550,4.2,no,100ul_quinine,191126,21:21,21:36,m,191125,15:04,Culex tarsalis,8,16
191126-16-bottom,32,547,4.7,no,100ul_quinine,191126,21:55,22:11,m,191125,15:04,Culex tarsalis,8,16
191127-01-top,22,553,3.2,no,100ul_quinine,191127,11:44,12:00,f,191126,11:09,Culex tarsalis,8,16
191127-02-top,30,562,4.3,no,100ul_quinine,191127,12:17,12:33,f,191126,11:09,Culex tarsalis,8,16
191127-02-bottom,27,536,4.0,no,100ul_quinine,191127,12:17,12:33,m,191126,11:09,Culex tarsalis,8,16
191127-03-bottom,31,529,4.7,no,100ul_quinine,191127,12:51,13:07,f,191126,11:09,Culex tarsalis,8,16
191127-06-bottom,30,539,4.5,no,05_percent_food,191127,14:41,14:55,f,191126,11:09,Culex tarsalis,8,16
191127-07-top,32,545,4.7,no,05_percent_food,191127,15:15,15:31,m,191126,11:09,Culex tarsalis,8,16
191127-07-bottom,31,539,4.6,no,05_percent_food,191127,15:15,15:31,f,191126,11:09,Culex tarsalis,8,16
191127-08-top,36,549,5.2,no,05_percent_food,191127,15:48,16:05,f,191126,11:09,Culex tarsalis,8,16
191127-08-bottom,33,541,4.9,no,05_percent_food,191127,15:48,16:05,m,191126,11:09,Culex tarsalis,8,16
191127-09-bottom,35,542,5.2,no,05_percent_food,191127,16:25,16:41,f,191126,14:54,Culex tarsalis,8,16
191127-10-top,32,551,4.6,no,05_percent_food,191127,16:44,17:00,m,191126,14:54,Culex tarsalis,8,16
191127-10-bottom,29,548,4.2,no,05_percent_food,191127,16:44,17:00,f,191126,14:54,Culex tarsalis,8,16
191127-11-bottom,34,547,5.0,no,05_percent_food,191127,17:19,17:35,f,191126,14:54,Culex tarsalis,8,16
191127-13-top,24,557,3.4,no,05_percent_food,191127,18:34,18:49,f,191126,14:54,Culex tarsalis,8,16
191127-13-bottom,30,532,4.5,no,05_percent_food,191127,18:34,18:49,f,191126,14:54,Culex tarsalis,8,16
191127-14-bottom,36,544,5.3,no,05_percent_food,191127,7:07:00 PM,7:23:00 PM,m,191126,14:54,Culex tarsalis,8,16
191127-15-bottom,33,545,4.8,no,05_percent_food,191127,7:41:00 PM,7:56:00 PM,m,191126,14:54,Culex tarsalis,8,16
191127-16-top,35,555,5.0,no,05_percent_food,191127,8:16:00 PM,8:32:00 PM,m,191126,14:54,Culex tarsalis,8,16
191127-17-top,32,547,4.7,no,05_percent_food,191127,8:51:00 PM,9:06:00 PM,m,191126,14:54,Culex tarsalis,8,16
191127-17-bottom,33,540,4.9,no,05_percent_food,191127,8:51:00 PM,9:06:00 PM,f,191126,14:54,Culex tarsalis,8,16
191130-01-bottom,32,539,4.7,no,100ul_milliQ_water,191130,1:09:00 PM,1:24:00 PM,m,191129,12:03:00 PM,Culex tarsalis,8,16
191130-02-top,34,546,5.0,no,100ul_milliQ_water,191130,1:45:00 PM,2:01:00 PM,f,191129,12:03:00 PM,Culex tarsalis,8,16
191130-03-top,28,551,4.1,no,100ul_milliQ_water,191130,2:20:00 PM,2:38:00 PM,m,191129,12:03:00 PM,Culex tarsalis,8,16
191130-04-bottom,37,547,5.4,no,100ul_quinine,191130,2:57:00 PM,3:16:00 PM,m,191129,12:03:00 PM,Culex tarsalis,8,16
191130-05-top,26,550,3.8,no,100ul_quinine,191130,3:34:00 PM,3:50:00 PM,m,191129,12:03:00 PM,Culex tarsalis,8,16
191130-06-top,34,550,4.9,no,100ul_quinine,191130,4:09:00 PM,4:25:00 PM,m,191129,12:03:00 PM,Culex tarsalis,8,16
191130-06-bottom,34,548,5.0,no,100ul_quinine,191130,4:09:00 PM,4:25:00 PM,m,191129,12:03:00 PM,Culex tarsalis,8,16
191130-07-top,37,549,5.4,no,05_percent_food,191130,4:44:00 PM,4:59:00 PM,m,191129,12:03:00 PM,Culex tarsalis,8,16
191130-08-top,38,551,5.5,no,05_percent_food,191130,5:18:00 PM,5:35:00 PM,f,191129,3:11:00 PM,Culex tarsalis,8,16
191130-08-bottom,35,548,5.1,no,05_percent_food,191130,5:18:00 PM,5:35:00 PM,m,191129,3:11:00 PM,Culex tarsalis,8,16
191130-09-top,38,549,5.5,no,05_percent_food,191130,5:35:00 PM,6:10:00 PM,f,191129,3:11:00 PM,Culex tarsalis,8,16
